{
  "name": "maven",
  "version": "1.0",
  "author": "lault",
  "license" : "",
  "source" : "https://stash-eng.cisco.com/sjc/shared/1/projects/CS/repos/cs-puppet/maven",
  "summary": "Installs the specified Maven version from pre-built linux binaries.",
  "operatingsystem_support": [
    {
      "operatingsystem": "RedHat",
      "operatingsystemrelease": [
        "5",
        "6",
        "7"
      ]
    }
  ],
  "requirements": [
    {
      "name": "puppet",
      "version_requirement": "3.x"
    }
  ],
  "description": "Installs Maven on CEL servers",
  "dependencies": [
    {
      "name":"puppetlabs/stdlib",
      "version_requirement":">= 3.2.0 < 5.0.0"
    }
  ]
}
