{
  "CHANGELOG.md": "0df10b918eaaa55394d222a36089aedc",
  "CONTRIBUTING.md": "e2b8e8e433fc76b3798b7fe435f49375",
  "Gemfile": "f5c444df2b7f648ce49b6a24bb1c338d",
  "LICENSE": "38a048b9d82e713d4e1b2573e370a756",
  "README.markdown": "e09856fda53506497ddde02ce6f1e2cb",
  "README_DEVELOPER.markdown": "220a8b28521b5c5d2ea87c4ddb511165",
  "README_SPECS.markdown": "82bb4c6abbb711f40778b162ec0070c1",
  "RELEASE_PROCESS.markdown": "94b92bc99ac4106ba1a74d5c04e520f9",
  "Rakefile": "dfa334598bfd087adf11533a72d71106",
  "lib/facter/facter_dot_d.rb": "15c1ec06d198c8e7cf2339ca34211b7a",
  "lib/facter/pe_version.rb": "4a9353952963b011759f3e6652a10da5",
  "lib/facter/puppet_vardir.rb": "c7ddc97e8a84ded3dd93baa5b9b3283d",
  "lib/facter/root_home.rb": "d9c8276acdceb7340d95f60c36dcdcc5",
  "lib/facter/util/puppet_settings.rb": "9f1d2593d0ae56bfca89d4b9266aeee1",
  "lib/puppet/functions/type_of.rb": "71e19f89e167c45ec691ea6c7d319625",
  "lib/puppet/parser/functions/abs.rb": "32161bd0435fdfc2aec2fc559d2b454b",
  "lib/puppet/parser/functions/any2array.rb": "a81e71d6b67a551d38770ba9a1948a75",
  "lib/puppet/parser/functions/assert_private.rb": "1365284f9e474ecec24cfe43ee8e7cf4",
  "lib/puppet/parser/functions/base64.rb": "ae25adf92295df67ebd9edfabc9ecdd6",
  "lib/puppet/parser/functions/basename.rb": "c61952b3f68fd86408c84fca2c3febb1",
  "lib/puppet/parser/functions/bool2num.rb": "f953f5fc094c2ae3908a72d8840ba291",
  "lib/puppet/parser/functions/bool2str.rb": "34497af8db94754542b9d4cfacc8a27f",
  "lib/puppet/parser/functions/camelcase.rb": "71c67b71eac4b7f46a0dd22cb915d2e6",
  "lib/puppet/parser/functions/capitalize.rb": "da131748a9d32da9eb0b6438e39377eb",
  "lib/puppet/parser/functions/ceiling.rb": "dfa9b1c75ce89344026b3b5aed2d190f",
  "lib/puppet/parser/functions/chomp.rb": "2b7dc42f9967edd34cfa0ba9a97229ca",
  "lib/puppet/parser/functions/chop.rb": "0ec76f54afd94201f35785dfeb2092b5",
  "lib/puppet/parser/functions/concat.rb": "2a12f95e94669129827ee2f2a26349c3",
  "lib/puppet/parser/functions/count.rb": "9eb74eccd93e2b3c87fd5ea14e329eba",
  "lib/puppet/parser/functions/deep_merge.rb": "d83696855578fb81b64b9e92b9c7cc7c",
  "lib/puppet/parser/functions/defined_with_params.rb": "ffab4433d03f32b551f2ea024a2948fc",
  "lib/puppet/parser/functions/delete.rb": "cec92c5de6d748c8dc93ca7d25ac1c68",
  "lib/puppet/parser/functions/delete_at.rb": "6bc24b79390d463d8be95396c963381a",
  "lib/puppet/parser/functions/delete_undef_values.rb": "b32d4a3925753b2eb2c318cbd7f14404",
  "lib/puppet/parser/functions/delete_values.rb": "39b147f7d369bb5f809044b6341954a2",
  "lib/puppet/parser/functions/difference.rb": "e31b95fbaf974cf853a510177368bfb9",
  "lib/puppet/parser/functions/dirname.rb": "8a5579f9a9a13fd737ba65eccf8e6d5a",
  "lib/puppet/parser/functions/downcase.rb": "73121616d73339cf8dd10e0de61a6c50",
  "lib/puppet/parser/functions/empty.rb": "0b6ca9d0550a39c1ca50fc3d1ecbc98c",
  "lib/puppet/parser/functions/ensure_packages.rb": "fbed5c0c9bf82b7746e01f15f89d184f",
  "lib/puppet/parser/functions/ensure_resource.rb": "de703fe63392b939fc2b4392975263de",
  "lib/puppet/parser/functions/flatten.rb": "25777b76f9719162a8bab640e5595b7a",
  "lib/puppet/parser/functions/floor.rb": "42cad4c689231a51526c55a6f0985d1f",
  "lib/puppet/parser/functions/fqdn_rand_string.rb": "375a7436960805b13ae34e2f970da443",
  "lib/puppet/parser/functions/fqdn_rotate.rb": "2485c2eab774a8b1f52de9c17d4b0833",
  "lib/puppet/parser/functions/get_module_path.rb": "d4bf50da25c0b98d26b75354fa1bcc45",
  "lib/puppet/parser/functions/getparam.rb": "4dd7a0e35f4a3780dcfc9b19b4e0006e",
  "lib/puppet/parser/functions/getvar.rb": "ab01ce68140bbdd84162a519a14ece3b",
  "lib/puppet/parser/functions/grep.rb": "5682995af458b05f3b53dd794c4bf896",
  "lib/puppet/parser/functions/has_interface_with.rb": "ee3a1d6193951939b492a69ef170faac",
  "lib/puppet/parser/functions/has_ip_address.rb": "ee207f47906455a5aa49c4fb219dd325",
  "lib/puppet/parser/functions/has_ip_network.rb": "b4d726c8b2a0afac81ced8a3a28aa731",
  "lib/puppet/parser/functions/has_key.rb": "7cd9728c38f0b0065f832dabd62b0e7e",
  "lib/puppet/parser/functions/hash.rb": "9d072527dfc7354b69292e9302906530",
  "lib/puppet/parser/functions/intersection.rb": "924ac4aceec7b896952166a7ec08fdb1",
  "lib/puppet/parser/functions/is_array.rb": "875ca4356cb0d7a10606fb146b4a3d11",
  "lib/puppet/parser/functions/is_bool.rb": "e693b7c4b5366cff1380b6e0c7dd7b11",
  "lib/puppet/parser/functions/is_domain_name.rb": "6ca1f2708add756a6803b29d593d5830",
  "lib/puppet/parser/functions/is_float.rb": "10e0d3ecf75fac15e415aee79acf70dc",
  "lib/puppet/parser/functions/is_function_available.rb": "628428bbcd9313ce09783d9484330e09",
  "lib/puppet/parser/functions/is_hash.rb": "8c7d9a05084dab0389d1b779c8a05b1a",
  "lib/puppet/parser/functions/is_integer.rb": "c665be82686aa4729959bb42c66a7510",
  "lib/puppet/parser/functions/is_ip_address.rb": "a714a736c1560e8739aaacd9030cca00",
  "lib/puppet/parser/functions/is_mac_address.rb": "288bd4b38d4df42a83681f13e7eaaee0",
  "lib/puppet/parser/functions/is_numeric.rb": "93ddc9d4c0834a5e5e0562d7b3cdce91",
  "lib/puppet/parser/functions/is_string.rb": "2bd9a652bbb2668323eee6c57729ff64",
  "lib/puppet/parser/functions/join.rb": "a285a05c015ae278608f6454aef211ea",
  "lib/puppet/parser/functions/join_keys_to_values.rb": "f29da49531228f6ca5b3aa0df00a14c2",
  "lib/puppet/parser/functions/keys.rb": "eb6ac815ea14fbf423580ed903ef7bad",
  "lib/puppet/parser/functions/loadyaml.rb": "2b912f257aa078e376d3b3f6a86c2a00",
  "lib/puppet/parser/functions/lstrip.rb": "20a9b1fa077c16f34e0ef5448b895698",
  "lib/puppet/parser/functions/max.rb": "f652fd0b46ef7d2fbdb42b141f8fdd1d",
  "lib/puppet/parser/functions/member.rb": "3c5375ebf3e2dafa84903009f0f1f47c",
  "lib/puppet/parser/functions/merge.rb": "f3dcc5c83440cdda2036cce69b61a14b",
  "lib/puppet/parser/functions/min.rb": "0d2a1b7e735ab251c5469e735fa3f4c6",
  "lib/puppet/parser/functions/num2bool.rb": "605c12fa518c87ed2c66ae153e0686ce",
  "lib/puppet/parser/functions/parsejson.rb": "e7f968c34928107b84cd0860daf50ab1",
  "lib/puppet/parser/functions/parseyaml.rb": "00f10ec1e2b050e23d80c256061ebdd7",
  "lib/puppet/parser/functions/pick.rb": "bf01f13bbfe2318e7f6a302ac7c4433f",
  "lib/puppet/parser/functions/pick_default.rb": "ad3ea60262de408767786d37a54d45dc",
  "lib/puppet/parser/functions/prefix.rb": "e377fd64bd63dde6c9660aa75aca4942",
  "lib/puppet/parser/functions/private.rb": "1500a21d5cf19961c5b1d476df892d92",
  "lib/puppet/parser/functions/pw_hash.rb": "02ed57b9b2b1e6266aa52d9680eed412",
  "lib/puppet/parser/functions/range.rb": "b8bbbc3179ea8e1c84952137cfc97cd0",
  "lib/puppet/parser/functions/reject.rb": "689f6a7c961a55fe9dcd240921f4c7f9",
  "lib/puppet/parser/functions/reverse.rb": "b234b54b8cd62b2d67ccd70489ffdccf",
  "lib/puppet/parser/functions/rstrip.rb": "b4e4ada41f7c1d2fcad073ce6344980f",
  "lib/puppet/parser/functions/shuffle.rb": "d50f72b0aeb921e64d2482f62488e2f3",
  "lib/puppet/parser/functions/size.rb": "8972d48c0f9e487d659bd7326b40b642",
  "lib/puppet/parser/functions/sort.rb": "504b033b438461ca4f9764feeb017833",
  "lib/puppet/parser/functions/squeeze.rb": "541f85b4203b55c9931d3d6ecd5c75f8",
  "lib/puppet/parser/functions/str2bool.rb": "6320f1a50fd28ec027981cd1fb8ffdd0",
  "lib/puppet/parser/functions/str2saltedsha512.rb": "49afad7b386be38ce53deaefef326e85",
  "lib/puppet/parser/functions/strftime.rb": "e02e01a598ca5d7d6eee0ba22440304a",
  "lib/puppet/parser/functions/strip.rb": "85d70ab95492e3e4ca5f0b5ec3f284a9",
  "lib/puppet/parser/functions/suffix.rb": "109279db4180441e75545dbd5f273298",
  "lib/puppet/parser/functions/swapcase.rb": "b17a9f3cb0271451d309e4b4f52dd651",
  "lib/puppet/parser/functions/time.rb": "08d88d52abd1e230e3a2f82107545d48",
  "lib/puppet/parser/functions/to_bytes.rb": "65437027687b6172173b3a211a799e37",
  "lib/puppet/parser/functions/type.rb": "4709f7ab8a8aad62d77a3c5d91a3aa08",
  "lib/puppet/parser/functions/type3x.rb": "f9bf4de8341afb0c677c26b40ec8a2b2",
  "lib/puppet/parser/functions/union.rb": "137998fe47decf25aede20f0c0155a4c",
  "lib/puppet/parser/functions/unique.rb": "c1bb4a8aeebd09ba3e4c8bc3702cfd60",
  "lib/puppet/parser/functions/upcase.rb": "c475c4d9d0ed46bcf0adf5de63ba1e82",
  "lib/puppet/parser/functions/uriescape.rb": "d912ba09ba3f58c70988e662e05ffbe8",
  "lib/puppet/parser/functions/validate_absolute_path.rb": "d229bb0ff30405f9c6f505dadfebdc34",
  "lib/puppet/parser/functions/validate_array.rb": "72b29289b8af1cfc3662ef9be78911b8",
  "lib/puppet/parser/functions/validate_augeas.rb": "b57e68fca390759782885474dc3ab2d0",
  "lib/puppet/parser/functions/validate_bool.rb": "a712634a000024398b3c6cd4ecc46463",
  "lib/puppet/parser/functions/validate_cmd.rb": "57b3b128c035802fb67754eed3a88475",
  "lib/puppet/parser/functions/validate_hash.rb": "e9cfaca68751524efe16ecf2f958a9a0",
  "lib/puppet/parser/functions/validate_integer.rb": "53d5a7effe41cdebc5acde2ea718ad31",
  "lib/puppet/parser/functions/validate_ipv4_address.rb": "a8fb6f0ca36aa460d462c07c2af5d5a2",
  "lib/puppet/parser/functions/validate_ipv6_address.rb": "4699238e4cad60e7e1428905523eaeb7",
  "lib/puppet/parser/functions/validate_numeric.rb": "bab908e866b78a51412f827ad9f5cf20",
  "lib/puppet/parser/functions/validate_re.rb": "c6664b3943bc820415a43f16372dc2a9",
  "lib/puppet/parser/functions/validate_slength.rb": "7e67c213509b9383707819cc612b2a29",
  "lib/puppet/parser/functions/validate_string.rb": "cf6a20877a27b1073d63fdd522af50bb",
  "lib/puppet/parser/functions/values.rb": "066a6e4170e5034edb9a80463dff2bb5",
  "lib/puppet/parser/functions/values_at.rb": "325a899e0201e8df5bd483fec6f12d76",
  "lib/puppet/parser/functions/zip.rb": "a89d5e802bc1e63e52020c2ddbaaca2c",
  "lib/puppet/provider/file_line/ruby.rb": "21807f8ce44552e6ca69d322909189ab",
  "lib/puppet/type/anchor.rb": "bbd36bb49c3b554f8602d8d3df366c0c",
  "lib/puppet/type/file_line.rb": "56734a41d7d7e3bcb90b78cdb1cfac22",
  "manifests/init.pp": "f2ba5f36e7227ed87bbb69034fc0de8b",
  "manifests/stages.pp": "cc6ed1751d334b0ea278c0335c7f0b5a",
  "metadata.json": "751bc3ba13674db184b13aded4793357",
  "spec/acceptance/abs_spec.rb": "538db8d037db814b455a6d741e91bb8d",
  "spec/acceptance/any2array_spec.rb": "de86ead0205acbb3eca3a8a4792bdac8",
  "spec/acceptance/base64_spec.rb": "1684d5dd176dd5bbd4c3c6b1e64fbcea",
  "spec/acceptance/bool2num_spec.rb": "bf53ceac40d0a67551c618b11809f3f8",
  "spec/acceptance/build_csv.rb": "f28ef587de764ade1513091c4906412c",
  "spec/acceptance/capitalize_spec.rb": "e77ea2c37144a75a67969c0d0839adfd",
  "spec/acceptance/ceiling_spec.rb": "b2718dc74a39399e342ef96fe0d00fdc",
  "spec/acceptance/chomp_spec.rb": "fb0862a6b7eeb3c290e280788e705061",
  "spec/acceptance/chop_spec.rb": "4e7ab2d3a441b88b667a0d8ea5b174c1",
  "spec/acceptance/concat_spec.rb": "6d88764fde8859e2db6b604f69fe2e17",
  "spec/acceptance/count_spec.rb": "d82cfcad2461b16872455d6347a8b114",
  "spec/acceptance/deep_merge_spec.rb": "c335a947f1666e185e0210e661f1c78a",
  "spec/acceptance/defined_with_params_spec.rb": "f27c54ade9872c63c69316f62b03c119",
  "spec/acceptance/delete_at_spec.rb": "9c028b703ee0286565c9877757678f3f",
  "spec/acceptance/delete_spec.rb": "31e6dfcb9cc7c16b20d47c00e6a85a1d",
  "spec/acceptance/delete_undef_values_spec.rb": "6e6a66aee0c383c843b5f92ef8c8410c",
  "spec/acceptance/delete_values_spec.rb": "22c9b4914d4cbc0153aa3862cb4fb50e",
  "spec/acceptance/difference_spec.rb": "289f4f1788feaacb304ffd54971c7e7e",
  "spec/acceptance/dirname_spec.rb": "84db53878c4400a6c684c924cff05cfc",
  "spec/acceptance/downcase_spec.rb": "0f094849b94a94df491ee01186473104",
  "spec/acceptance/empty_spec.rb": "35c1f43e8a3e1fe7dd4335ef86e7efcc",
  "spec/acceptance/ensure_packages_spec.rb": "de93ff46bcdff523f5636d05b449f6be",
  "spec/acceptance/ensure_resource_spec.rb": "3e3e9b26ec6cd770469998e3eff49e00",
  "spec/acceptance/flatten_spec.rb": "83fb08cc168a105c1d5d0df66b1d9e84",
  "spec/acceptance/floor_spec.rb": "d7267b2914b1da6406224abb7489ca86",
  "spec/acceptance/fqdn_rand_string_spec.rb": "52fbcdc2b6db4ddf8a63ca759b1a604e",
  "spec/acceptance/fqdn_rotate_spec.rb": "43ef31f9f2c2616572753cb2b872984e",
  "spec/acceptance/get_module_path_spec.rb": "2658cdcd1abd4b7d20f53c4aced3c72a",
  "spec/acceptance/getparam_spec.rb": "4d32dc5a0ee34d045242c36d77a3b482",
  "spec/acceptance/getvar_spec.rb": "ba2f081a88be97c0e7004a6296294f23",
  "spec/acceptance/grep_spec.rb": "98818b8b0557b80d6ff519f70ea7617c",
  "spec/acceptance/has_interface_with_spec.rb": "30e27096050c43b7efdb5e6c0d54f53b",
  "spec/acceptance/has_ip_address_spec.rb": "2812117ec4b88556039e8488d53c0cb0",
  "spec/acceptance/has_ip_network_spec.rb": "ca75b43ff1256ead9052f2db7620db99",
  "spec/acceptance/has_key_spec.rb": "6509a26a0886f7d591eaa926b2f92407",
  "spec/acceptance/hash_spec.rb": "1c626457ba056bdd3936e28aa5bf503e",
  "spec/acceptance/intersection_spec.rb": "40f586af7f95408a5d4a2882a4aa98f1",
  "spec/acceptance/is_array_spec.rb": "c2ff70ce59b90b50a5aed67abaa5399d",
  "spec/acceptance/is_bool_spec.rb": "c001fdecff6b0a3c9dc78774987a0b15",
  "spec/acceptance/is_domain_name_spec.rb": "63e84285c26d8717fd5d4dda01e3f432",
  "spec/acceptance/is_float_spec.rb": "2f0164b4d732166aa46055a2cf7b4ea9",
  "spec/acceptance/is_function_available_spec.rb": "7745eba89f8719c9ca7ebf04d5b005f7",
  "spec/acceptance/is_hash_spec.rb": "cff723cd8fddac45033af5dc8406d4e4",
  "spec/acceptance/is_integer_spec.rb": "c09201d17d3914bba197872897fa3413",
  "spec/acceptance/is_ip_address_spec.rb": "aa14cf9abf404c3fe1e761ea957871fe",
  "spec/acceptance/is_mac_address_spec.rb": "30ff4c6a63be58daa3568305617ca2a7",
  "spec/acceptance/is_numeric_spec.rb": "fb9829c7a1a8d4a58836df6ff4c3386d",
  "spec/acceptance/is_string_spec.rb": "df3022de123b72f0022728eb2d8ce857",
  "spec/acceptance/join_keys_to_values_spec.rb": "8aa128bbaeea65aab8d92badee3ca2b5",
  "spec/acceptance/join_spec.rb": "c6378ed481265152bba9871fc5501ee6",
  "spec/acceptance/keys_spec.rb": "20486e3ebee53e50dc9de3b78b9d6ae6",
  "spec/acceptance/loadyaml_spec.rb": "bd440cb6779026bd07d83f1aceb2781b",
  "spec/acceptance/lstrip_spec.rb": "e29ab4039b65660ec2bd76a298adcae0",
  "spec/acceptance/max_spec.rb": "209cda4b83d677743afb1a8870330618",
  "spec/acceptance/member_spec.rb": "d6088a4fa6321791a3067d9b9cf8914a",
  "spec/acceptance/merge_spec.rb": "5f168188fa0d6b31ba5b3dac49fb609c",
  "spec/acceptance/min_spec.rb": "152a7db28434a0d0378561d4f64cddcc",
  "spec/acceptance/nodesets/centos-59-x64.yml": "57eb3e471b9042a8ea40978c467f8151",
  "spec/acceptance/nodesets/centos-6-vcloud.yml": "bdf9ce9d3b0f0b4995666ae9d64d878d",
  "spec/acceptance/nodesets/centos-64-x64-pe.yml": "ec075d95760df3d4702abea1ce0a829b",
  "spec/acceptance/nodesets/centos-64-x64.yml": "092dd2c588a9f87fa1fb12997c0723ef",
  "spec/acceptance/nodesets/centos-65-x64.yml": "3e5c36e6aa5a690229e720f4048bb8af",
  "spec/acceptance/nodesets/default.yml": "3e5c36e6aa5a690229e720f4048bb8af",
  "spec/acceptance/nodesets/fedora-18-x64.yml": "80e41b1ee16ea489f53164bfdae58855",
  "spec/acceptance/nodesets/sles-11-x64.yml": "44e4c6c15c018333bfa9840a5e702f66",
  "spec/acceptance/nodesets/ubuntu-server-10044-x64.yml": "75e86400b7889888dc0781c0ae1a1297",
  "spec/acceptance/nodesets/ubuntu-server-12042-x64.yml": "d30d73e34cd50b043c7d14e305955269",
  "spec/acceptance/nodesets/ubuntu-server-1404-x64.yml": "5f0aed10098ac5b78e4217bb27c7aaf0",
  "spec/acceptance/nodesets/windows-2003-i386.yml": "b518fc01fab99ee6a9afccec5bc0c1c4",
  "spec/acceptance/nodesets/windows-2003-x86_64.yml": "5c783eaa8ea4734edc836e89e923dfa1",
  "spec/acceptance/nodesets/windows-2008-x86_64.yml": "3082234eafcfaf7a9579d9ebdb8bc409",
  "spec/acceptance/nodesets/windows-2008r2-x86_64.yml": "dfeff32a4cc3fffa872c8281d990a840",
  "spec/acceptance/nodesets/windows-2012-x86_64.yml": "8bed73362ee1f43d21ea1903a729f955",
  "spec/acceptance/nodesets/windows-2012r2-x86_64.yml": "3f4f6112d24db02989b8ab79d3a1256f",
  "spec/acceptance/num2bool_spec.rb": "e4a00b913b08c68a689837e9f9336cb2",
  "spec/acceptance/parsejson_spec.rb": "ea3973d412ad6f72425fdfac6fbb2bb4",
  "spec/acceptance/parseyaml_spec.rb": "7bbfeed73d0626f69daedfc151957967",
  "spec/acceptance/pick_default_spec.rb": "1bc2562380ef6f6cded5ec90a03922be",
  "spec/acceptance/pick_spec.rb": "272c54c8f9398f499768331bdb4276ee",
  "spec/acceptance/prefix_spec.rb": "da620568c6771e7d492ec1ff697c531c",
  "spec/acceptance/pw_hash_spec.rb": "50d2f3a3ba9a4a7d2fe42f941f9ecd54",
  "spec/acceptance/range_spec.rb": "65e5b98ceca257658604d988fbec7d03",
  "spec/acceptance/reject_spec.rb": "b5185f1a6071c9bdc7aca92e6f899c3e",
  "spec/acceptance/reverse_spec.rb": "7bdee543e82532e97bbf7a067140031c",
  "spec/acceptance/rstrip_spec.rb": "28a64ceb7cb5ae8a93d31f49816190ab",
  "spec/acceptance/shuffle_spec.rb": "8a8652e57d56f2b4946cdf4d20052b7a",
  "spec/acceptance/size_spec.rb": "ae17d8a55921a0570972200c7c9327e1",
  "spec/acceptance/sort_spec.rb": "d44b1b8c090f0f00a2f38515fda431ea",
  "spec/acceptance/squeeze_spec.rb": "adcd65fa4e72203b97f1f14c8835c2cd",
  "spec/acceptance/str2bool_spec.rb": "55ad165ceef6b9ba32bf20ca3b53b44c",
  "spec/acceptance/str2saltedsha512_spec.rb": "b684c4214d06ae3d5bae055262a5ccaa",
  "spec/acceptance/strftime_spec.rb": "0f4eadbd74445b35de4a42c9790fbcc1",
  "spec/acceptance/strip_spec.rb": "6767da5bc735beb5362aeee6ff692c9e",
  "spec/acceptance/suffix_spec.rb": "07dfc7eed48b75fcc1b93d0308243eda",
  "spec/acceptance/swapcase_spec.rb": "5c3c1bc19a09fed6e01881f79b0b4ea5",
  "spec/acceptance/time_spec.rb": "044b2f634a1fa6ecc735998d68a93b73",
  "spec/acceptance/to_bytes_spec.rb": "f9df1f234b9409f5eaf56ef24e651c36",
  "spec/acceptance/type_spec.rb": "4297e038a8ff7e6ecb859b8b68c7b3a6",
  "spec/acceptance/union_spec.rb": "b6092941e0574f3c60910bebf84d2844",
  "spec/acceptance/unique_spec.rb": "9b00b21cefde3b5391f50eeb9cd2493b",
  "spec/acceptance/unsupported_spec.rb": "09b9265ecb05252cd5e5a18327c7ae97",
  "spec/acceptance/upcase_spec.rb": "ffd1d6f9e6ec24131fb78983c53a75f9",
  "spec/acceptance/uriescape_spec.rb": "13daa387714cbfc63b587aaa8dbf7fcd",
  "spec/acceptance/validate_absolute_path_spec.rb": "8b9ebfae80329231d84fcab606a3eeaf",
  "spec/acceptance/validate_array_spec.rb": "382641719e754622ffae562d10e38bf7",
  "spec/acceptance/validate_augeas_spec.rb": "c26b8ca2184a9dd87033a0c6f0553093",
  "spec/acceptance/validate_bool_spec.rb": "08bc139459204cf0a35098a5bc30ab95",
  "spec/acceptance/validate_cmd_spec.rb": "e9260c49d880e4de54f77bf4fd70cff4",
  "spec/acceptance/validate_hash_spec.rb": "70ceacc18a0dee97b26ab2e50f925706",
  "spec/acceptance/validate_ipv4_address_spec.rb": "dc901bbd05c3764a93cb49154cea6e4b",
  "spec/acceptance/validate_ipv6_address_spec.rb": "c0872c56230ac2800cd5723eaa5bc53a",
  "spec/acceptance/validate_re_spec.rb": "b289909078d6ae0d015419f518566698",
  "spec/acceptance/validate_slength_spec.rb": "f0a05c1c2b895b096cb7326df4821594",
  "spec/acceptance/validate_string_spec.rb": "6c9ced99fb1e263e66e25427d24f8f7b",
  "spec/acceptance/values_at_spec.rb": "669b26c4d47742051472003518c3aa61",
  "spec/acceptance/values_spec.rb": "9681223bb1bd755c28946ef0bcd6ece9",
  "spec/acceptance/zip_spec.rb": "86d1b555745ee873da68c71f1e46ed21",
  "spec/classes/anchor_spec.rb": "40600ba2845f9bd360a9504a347f12ba",
  "spec/functions/abs_spec.rb": "6c3a4f6072cf28132c29ff42791c0d11",
  "spec/functions/any2array_spec.rb": "2feb23a3615dc55d5e99ae8617f4aca3",
  "spec/functions/assert_private_spec.rb": "192cf2b9763ab7b741f19a146c069601",
  "spec/functions/base64_spec.rb": "c93bdf30f5894728fe6558eb24955e26",
  "spec/functions/bool2num_spec.rb": "12d7f3074beaf3a8b5c06da39b8f5a88",
  "spec/functions/capitalize_spec.rb": "da52f8dd560b2a2ed57f13019b0b8302",
  "spec/functions/ceiling_spec.rb": "aa2e9b34a10f7fbda4b33bfc8f5dadcd",
  "spec/functions/chomp_spec.rb": "dea81927a4c134e2a47500969324c70e",
  "spec/functions/chop_spec.rb": "3b0d0335f5e3347b7a9815e58b923657",
  "spec/functions/concat_spec.rb": "e8377bd292819360ffc5359c86adbff2",
  "spec/functions/count_spec.rb": "25e6e666561ced6d644d62bd71a648c6",
  "spec/functions/deep_merge_spec.rb": "84f4f2cc194de907143ea17a3d40687e",
  "spec/functions/defined_with_params_spec.rb": "498e064c37bb330dc80420e877e4e57d",
  "spec/functions/delete_at_spec.rb": "012b3399d4a7101fc4cd4938e9bd2d50",
  "spec/functions/delete_spec.rb": "889f0a0d5a8eb12ad6ee93e98601600d",
  "spec/functions/delete_undef_values_spec.rb": "d61453c547c8816128e0a5e358821248",
  "spec/functions/delete_values_spec.rb": "737cf476b579fb7b549280eb20d13ae7",
  "spec/functions/difference_spec.rb": "2d7c07bc8bcb82831fcfe2f2a9958605",
  "spec/functions/dirname_spec.rb": "b35d4806c8167478a6c45e0b63623513",
  "spec/functions/downcase_spec.rb": "0864d43eb33e5d46a5943c2d117bfa40",
  "spec/functions/empty_spec.rb": "046c8206121e364eb9b11bfb378e591b",
  "spec/functions/ensure_packages_spec.rb": "f1b60599078cdcb3cff1368346108264",
  "spec/functions/ensure_resource_spec.rb": "7765dde3b9fc54b7dddb6597e0f7b523",
  "spec/functions/flatten_spec.rb": "a830987eb5b26a1b4325a7737fb9a7e2",
  "spec/functions/floor_spec.rb": "d53e184f732c7b0fa49664645d6fb63d",
  "spec/functions/fqdn_rand_string_spec.rb": "4d01df1bb76c413692ff5c035c4ac9df",
  "spec/functions/fqdn_rotate_spec.rb": "0fecb71063ed7e8cf3b1e4b67699bb4a",
  "spec/functions/get_module_path_spec.rb": "632de3cddb0980998b1f7f819feda3b4",
  "spec/functions/getparam_spec.rb": "292346901bc0083a983fc166fee44675",
  "spec/functions/getvar_spec.rb": "e0fa7cde8c415d099cd31888670ca2fc",
  "spec/functions/grep_spec.rb": "aa5ab60a3899a4286152fbd5d3218bd3",
  "spec/functions/has_interface_with_spec.rb": "2abef34f38bf2369434f27ab5ab02e0f",
  "spec/functions/has_ip_address_spec.rb": "89d2a1e161ba9efdec36f90e1b7737bf",
  "spec/functions/has_ip_network_spec.rb": "b0c080fa6fa27f03a0999a07b4cfbd08",
  "spec/functions/has_key_spec.rb": "63f35c643a8a0ac1f3281b2981b4ab26",
  "spec/functions/hash_spec.rb": "f85918bdeb33c2b0dc276fda46528d56",
  "spec/functions/intersection_spec.rb": "fa5e91bec7bcf48c5d4b66e2824ba629",
  "spec/functions/is_array_spec.rb": "82266ebdbc4002dc4471eb19095a617d",
  "spec/functions/is_bool_spec.rb": "f8075f0d7b79b5568a646d97fb4e8115",
  "spec/functions/is_domain_name_spec.rb": "35c18882c7a3bc361e72c3ca09e73c74",
  "spec/functions/is_float_spec.rb": "adf03894b9e78f1e66831ba52ac20f49",
  "spec/functions/is_function_available.rb": "193666f87f9a739a77335d9171411f5f",
  "spec/functions/is_hash_spec.rb": "f1906d7cacf56f0ed26f703a3c4e19c4",
  "spec/functions/is_integer_spec.rb": "5ed8c0620c64a4e8a6a07105816ae1f4",
  "spec/functions/is_ip_address_spec.rb": "1c3ce0f2f9b6354d6ea7ffa36731d94c",
  "spec/functions/is_mac_address_spec.rb": "60b1ea6464e10f3c8a095af0b69a1f4a",
  "spec/functions/is_numeric_spec.rb": "6ceee608830d8d3c37a0d52d253e5ed1",
  "spec/functions/is_string_spec.rb": "b67b213edc19f0bd97b2e4e561b4688b",
  "spec/functions/join_keys_to_values_spec.rb": "444289422833c4d932432cba336d79ff",
  "spec/functions/join_spec.rb": "35fe86a4a49befe39452eb861f3c66ff",
  "spec/functions/keys_spec.rb": "6ada6f2263dda5a22b0505bab90c1543",
  "spec/functions/loadyaml_spec.rb": "7d688e8382dd47db93dc4c710f8d6010",
  "spec/functions/lstrip_spec.rb": "3161f3673f327aed9488958bbb91d720",
  "spec/functions/max_spec.rb": "0ced8af1760cb387e7b8f4bc014fc94b",
  "spec/functions/member_spec.rb": "8ac9f5d1aee5b3f503532fd54d9f609d",
  "spec/functions/merge_spec.rb": "791ea69c46145b9c39f65f8d241a1205",
  "spec/functions/min_spec.rb": "b13e21751bfacc850019fa4c7c177536",
  "spec/functions/num2bool_spec.rb": "837bc45de67428a3c1faf8e22bb7dcf1",
  "spec/functions/parsejson_spec.rb": "76e923a21cc6ddd38edf9a18e52991ae",
  "spec/functions/parseyaml_spec.rb": "ebc620457c14d268a3f313277ab5ff46",
  "spec/functions/pick_default_spec.rb": "dbfcee6a55488e8cb0af0866e1297f8c",
  "spec/functions/pick_spec.rb": "c7ae8b1aa7eb615c9164d3cccfc891fb",
  "spec/functions/prefix_spec.rb": "79de342f14f025114c0cd36ab23a7bf9",
  "spec/functions/private_spec.rb": "367348d2d5a089fd5a77f1852fc56168",
  "spec/functions/pw_hash_spec.rb": "f138aa3182e98b9eb06d5ed99579444c",
  "spec/functions/range_spec.rb": "17ff3b8d7ead0939519c38d993fe2347",
  "spec/functions/reject_spec.rb": "12cd8e9b98234dbfca06b33af4152bf3",
  "spec/functions/reverse_spec.rb": "4dc357880ba5d3716c53d73e2045466a",
  "spec/functions/rstrip_spec.rb": "af0d0c8b18c772f10e8227b3e9d8a54a",
  "spec/functions/shuffle_spec.rb": "de716009e14609112b0209570dc69b06",
  "spec/functions/size_spec.rb": "7551af6a9055650c863431ee6f9c82f5",
  "spec/functions/sort_spec.rb": "c548fee79b5e86e5371371dbb36982db",
  "spec/functions/squeeze_spec.rb": "aa7d260c8840e0eb4b72def5e0f63d96",
  "spec/functions/str2bool_spec.rb": "1b854776e182f528d72f624a581e1a19",
  "spec/functions/str2saltedsha512_spec.rb": "284430b18af76f42d60ad2db4c5e265a",
  "spec/functions/strftime_spec.rb": "55b2abeecb65d147136d6af49ce61924",
  "spec/functions/strip_spec.rb": "ac5316d9357fecba9ac55bdb0eb0ac29",
  "spec/functions/suffix_spec.rb": "217ff8dc2f509b860af7c7c9ff73134b",
  "spec/functions/swapcase_spec.rb": "686d6ff7c7a1fd473d2a74a1c3bbe8ca",
  "spec/functions/time_spec.rb": "1a2db01a57ed1437b19cdeaaabc2c77e",
  "spec/functions/to_bytes_spec.rb": "f0b0fbb9919bbe3882ca0d8f8db2c3b8",
  "spec/functions/type3x_spec.rb": "dcbb17597f5040b4f02f7d035fa24eb7",
  "spec/functions/type_spec.rb": "4a09d1fd50a3c787aba1bc82dbe9ae3b",
  "spec/functions/union_spec.rb": "db5d5a0aa8c29725936e2488ccbcfd0a",
  "spec/functions/unique_spec.rb": "42f9b82d1df269a1b34f4562369b8b84",
  "spec/functions/upcase_spec.rb": "a4797eddc5cbddf006a1255d95f429ad",
  "spec/functions/uriescape_spec.rb": "021fe7a48be167eab45318ca5890dcfd",
  "spec/functions/validate_absolute_path_spec.rb": "6d8fa2007ba1490ef0a4082fad569d5b",
  "spec/functions/validate_array_spec.rb": "bcd231229554785c4270ca92ef99cb60",
  "spec/functions/validate_augeas_spec.rb": "57214b36976344d5fdec1171cb31485e",
  "spec/functions/validate_bool_spec.rb": "7aeb6085fc9601c6bbe6c49e56d209a4",
  "spec/functions/validate_cmd_spec.rb": "0fbecaf7616ba5a8ae6447082c9804bc",
  "spec/functions/validate_hash_spec.rb": "8529c74051ceb71e6b1b97c9cecdf625",
  "spec/functions/validate_integer_spec.rb": "860949498dfa7dc29cfc4d0cfb319619",
  "spec/functions/validate_ipv4_address_spec.rb": "19f2f44fbbdf7a2e69aeaa2f0f402695",
  "spec/functions/validate_ipv6_address_spec.rb": "2d8617be4405bdbd84d140ba8be6c184",
  "spec/functions/validate_numeric_spec.rb": "c2ce1a20ec9d45f69852c8d973f52fd9",
  "spec/functions/validate_re_spec.rb": "d8ab477f9afcb748f144588ebb3a28a3",
  "spec/functions/validate_slength_spec.rb": "438738f1ac9363d5a7cd8c3ee09fe14c",
  "spec/functions/validate_string_spec.rb": "64a4f681084cba55775a070f7fab5e0c",
  "spec/functions/values_at_spec.rb": "cdfc313cc283400f1aed75f4cbd0ab4f",
  "spec/functions/values_spec.rb": "2ea5dd37e6ac9c89f4b434c7ed7cc45e",
  "spec/functions/zip_spec.rb": "d67e3424e60de00ff26e73516f4bf6da",
  "spec/lib/puppet_spec/compiler.rb": "3c1f03dd8ac2f6f90d7e8f879a3ce4c0",
  "spec/lib/puppet_spec/database.rb": "c74c0cf62980beea88c7749f876ccfa7",
  "spec/lib/puppet_spec/files.rb": "906da85e399302cee403e10e357d3f4c",
  "spec/lib/puppet_spec/fixtures.rb": "0722c5ccbfcba1fc27da1900e54b4463",
  "spec/lib/puppet_spec/matchers.rb": "dd30ba6b936e8c267511d67acb087c35",
  "spec/lib/puppet_spec/modules.rb": "445d2739aa8754568a14816280727d70",
  "spec/lib/puppet_spec/pops.rb": "adf661defa460b7189e3750535533d34",
  "spec/lib/puppet_spec/scope.rb": "01aeb89bdc2d29a2528ced26ec6402ec",
  "spec/lib/puppet_spec/settings.rb": "5da4e0dad8bf6b21cc4437c73753a56d",
  "spec/lib/puppet_spec/verbose.rb": "71dbccd9a45ed89d12fd1c44456a6820",
  "spec/monkey_patches/alias_should_to_must.rb": "b19ee31563afb91a72f9869f9d7362ff",
  "spec/monkey_patches/publicize_methods.rb": "c690e444b77c871375d321e413e28ca1",
  "spec/spec.opts": "a600ded995d948e393fbe2320ba8e51c",
  "spec/spec_helper.rb": "b7a797512ad4ae4395fa5d1ff524e1f0",
  "spec/spec_helper_acceptance.rb": "ffb989c77153f8206c9be08f32278147",
  "spec/unit/facter/facter_dot_d_spec.rb": "420339a544851f2c7ee6fa4c651bdce8",
  "spec/unit/facter/pe_version_spec.rb": "af4d4428a7625a19de1751ce1bb09d5c",
  "spec/unit/facter/root_home_spec.rb": "2dabfc67279e85714e0d4479bd149e78",
  "spec/unit/facter/util/puppet_settings_spec.rb": "7b4afdfe4b80ee6463564bda2c4af344",
  "spec/unit/puppet/functions/type_of_spec.rb": "3fe581c5de01b6f6338370e475b6b1b2",
  "spec/unit/puppet/parser/functions/basename_spec.rb": "e7ac349b8336c6a2bb99f27443a9d077",
  "spec/unit/puppet/parser/functions/bool2str_spec.rb": "c0a7f753889d0e65c25db5b0eebad7ac",
  "spec/unit/puppet/parser/functions/camelcase_spec.rb": "332621f98485c651b281aa4b5ac82b5d",
  "spec/unit/puppet/provider/file_line/ruby_spec.rb": "e8dcf08c5cd346a6408d8da4fa0bbf7e",
  "spec/unit/puppet/type/anchor_spec.rb": "06a669dffa44d716bf19b4e7f5f1d75d",
  "spec/unit/puppet/type/file_line_spec.rb": "5800799a8d3aed42c6fb6cf3ea574e07",
  "tests/file_line.pp": "67727539aa7b7dd76f06626fe734f7f7",
  "tests/has_interface_with.pp": "59c98b4af0d39fc11d1ef4c7a6dc8f7a",
  "tests/has_ip_address.pp": "93ce02915f67ddfb43a049b2b84ef391",
  "tests/has_ip_network.pp": "abc05686797a776ea8c054657e6f7456",
  "tests/init.pp": "1d98070412c76824e66db4b7eb74d433"
}