{
  "name": "groovy",
  "version": "1.0",
  "author": "lault",
  "license" : "",
  "source" : "https://stash-eng.cisco.com/sjc/shared/1/projects/CS/repos/cs-puppet/browse/groovy",
  "summary": "Installs the specified Groovy version from pre-built linux binaries.",
  "operatingsystem_support": [
    {
      "operatingsystem": "RedHat",
      "operatingsystemrelease": [
        "5",
        "6",
        "7"
      ]
    }
  ],
  "requirements": [
    {
      "name": "puppet",
      "version_requirement": "3.x"
    }
  ],
  "description": "Groovy build tools for Jenkins CEL slaves",
  "dependencies": [
    {"name":"puppetlabs/stdlib", "version_requirement":">= 3.2.0 < 5.0.0" },
    {"name":"bms_repos","version_requirement":">=1.0"},
    {"name":"engci_user","version_requirement":">=1.0"}
  ]
}
