{
  "name": "monit",
  "version": "1.0.0",
  "author": "Les Ault",
  "license": "Apache 2.0",
  "summary": "Install and configure monit",
  "source": "https://bitbucket-eng-rtp1.cisco.com/bitbucket/projects/CS/repos/cs-puppet-modules/browse/monit",
  "dependencies": [
    { "name":"puppetlabs/stdlib","version_requirement":">= 3.2.0 < 5.0.0" }
  ],
  "operatingsystem_support": [
    {
      "operatingsystem": "RedHat",
      "operatingsystemrelease": [
        "6",
        "7"
      ]
    },
    {
      "operatingsystem": "CentOS",
      "operatingsystemrelease": [
        "6",
        "7"
      ]
    }
  ],
  "requirements": [
    { "name": "puppet", "version_requirement": ">= 3.0.0 < 5.0.0" }
  ]
}
