{
  "CHANGELOG.md": "33617b0da25c794eaa08e1aa1543ab75",
  "CONTRIBUTING.md": "e2b8e8e433fc76b3798b7fe435f49375",
  "Gemfile": "e6e6eb07f0bfc9bb1e328895ca49b3f5",
  "LICENSE": "f5a76685d453424cd63dde1535811cf0",
  "README.md": "bb505179d3251a6158104c29c98a8c19",
  "Rakefile": "d953eb985f82600dc3b9ac6e1f2cfe64",
  "files/concatfragments.rb": "b684db0eac243553a6a79365119a363d",
  "lib/facter/concat_basedir.rb": "ff080677e7f192b9b96911698b0b9b3d",
  "lib/puppet/parser/functions/concat_getparam.rb": "7654b44a87a05b2f2e9de2eaadf1ff8f",
  "lib/puppet/parser/functions/concat_is_bool.rb": "a5dc6980d7f27d1b858e791964682756",
  "manifests/fragment.pp": "6261ad7c56847a13f0718eaac4b4d1a6",
  "manifests/init.pp": "024d3917f709b25fdf43a78f4cf115a0",
  "manifests/setup.pp": "fc1fe8d6093ecfd17be1350f9341543b",
  "metadata.json": "bd7eef56dc5c5b4887a1781f06b61df9",
  "spec/acceptance/backup_spec.rb": "1d60ad406485b47b42547f24a0b68dce",
  "spec/acceptance/concat_spec.rb": "397be6dbd46d2bd59d97c004c622081c",
  "spec/acceptance/deprecation_warnings_spec.rb": "c52721536ea53cd3e2a0aff897951e72",
  "spec/acceptance/empty_spec.rb": "c787d7f36b3ba142f2592db3d1b59439",
  "spec/acceptance/fragment_source_spec.rb": "594cef5172b52aa65dc16ebd34fad9c6",
  "spec/acceptance/fragments_are_always_replaced_spec.rb": "be39ed9ed30e7bb48aaccda2d7f730ac",
  "spec/acceptance/newline_spec.rb": "5aaf65972c4f8ed4fd1592cd863583f5",
  "spec/acceptance/nodesets/aix-71-vcloud.yml": "de6cc5bf18be2be8d50e62503652cb32",
  "spec/acceptance/nodesets/centos-59-x64.yml": "57eb3e471b9042a8ea40978c467f8151",
  "spec/acceptance/nodesets/centos-64-x64-pe.yml": "ec075d95760df3d4702abea1ce0a829b",
  "spec/acceptance/nodesets/centos-64-x64.yml": "9cde7b5d2ab6a42366d2344c264d6bdc",
  "spec/acceptance/nodesets/centos-65-x64.yml": "3e5c36e6aa5a690229e720f4048bb8af",
  "spec/acceptance/nodesets/debian-607-x64.yml": "d566bf76f534e2af7c9a4605316d232c",
  "spec/acceptance/nodesets/debian-70rc1-x64.yml": "31ccca73af7b74e1cc2fb0035c230b2c",
  "spec/acceptance/nodesets/debian-73-x64.yml": "bd3ea8245ce691c2b234529d62d043eb",
  "spec/acceptance/nodesets/default.yml": "efd15b1780bb8e68000a7a4e9e09a132",
  "spec/acceptance/nodesets/fedora-18-x64.yml": "acc126fa764c39a3b1df36e9224a21d9",
  "spec/acceptance/nodesets/sles-11-x64.yml": "44e4c6c15c018333bfa9840a5e702f66",
  "spec/acceptance/nodesets/sles-11sp1-x64.yml": "fa0046bd89c1ab4ba9521ad79db234cd",
  "spec/acceptance/nodesets/ubuntu-server-10044-x64.yml": "75e86400b7889888dc0781c0ae1a1297",
  "spec/acceptance/nodesets/ubuntu-server-12042-x64.yml": "d30d73e34cd50b043c7d14e305955269",
  "spec/acceptance/nodesets/ubuntu-server-1404-x64.yml": "5f0aed10098ac5b78e4217bb27c7aaf0",
  "spec/acceptance/order_spec.rb": "76679ada1cd77b8b0663d0a65a4c7a25",
  "spec/acceptance/quoted_paths_spec.rb": "a7810ac24a913bbc0d733f9b1d263748",
  "spec/acceptance/replace_spec.rb": "48f4bb04e8f471cbaba0d9b53a8ab0f0",
  "spec/acceptance/specinfra_stubs.rb": "27839261403d8bbccf506552f9d8ef38",
  "spec/acceptance/symbolic_name_spec.rb": "b40452adbfebb0ea9d56547d9daee700",
  "spec/acceptance/validation_spec.rb": "e54226b10f46cfa9e89e57398eddbbd2",
  "spec/acceptance/warn_spec.rb": "cbf24bb8d9d5e9930e33632afb1d7647",
  "spec/spec.opts": "a600ded995d948e393fbe2320ba8e51c",
  "spec/spec_helper.rb": "0db89c9a486df193c0e40095422e19dc",
  "spec/spec_helper_acceptance.rb": "9e41650d04d448cbf42616abbd028a2c",
  "spec/unit/classes/concat_setup_spec.rb": "fccc98ce6dee37e2d5824424ce473645",
  "spec/unit/defines/concat_fragment_spec.rb": "cbeea175e9661edbb4602ebe0b069a0f",
  "spec/unit/defines/concat_spec.rb": "a1db6d53e4d77515e08a867df26d9ccb",
  "spec/unit/facts/concat_basedir_spec.rb": "cf00f5a07948436fa0a84d00fc098539",
  "tests/fragment.pp": "9adc3d9ba61676066072e1b949a37dbb",
  "tests/init.pp": "bd3ce7d2ee146744b5dbbaae8a927043"
}