{
  "name": "jdk",
  "version": "1.0",
  "author": "sikpeng",
  "license" : "",
  "source" : "https://bitbucket-eng-rtp1.cisco.com/bitbucket/projects/CS/repos/cs-puppet-modules/browse",
  "summary": "Installs the JDK8",
  "operatingsystem_support": [
    {
      "operatingsystem": "RedHat",
      "operatingsystemrelease": [
        "5",
        "6",
        "7"
      ]
    }
  ],
  "requirements": [
    {
      "name": "pe",
      "version_requirement": "2.x"
    },
    {
      "name": "puppet",
      "version_requirement": "2.x"
    }
  ],
  "description": "Installs the JDK8",
  "dependencies": [
    {"name": "puppetlabs/stdlib", "version_requirement": ">= 3.2.0 < 5.0.0" },
    {"name": "bms_repos", "version_requirement": ">= 1.0" },
    {"name": "engci_user::bmsuser", "version_requirement": ">= 1.0" }
  ]
}
