{
  "name": "gradle",
  "version": "1.0",
  "author": "realey",
  "license": "",
  "summary": "Puppet module to install supported gradle versions",
  "source": "https://stash-eng.cisco.com/sjc/shared/1/projects/CS/repos/cs-puppet/browse/gradle",
  "project_page": "n/a",
  "issues_url": "n/a",
  "operatingsystem_support": [
    {
      "operatingsystem": "RedHat",
      "operatingsystemrelease": [
        "6",
        "7"
      ]
    }
  ],
  "requirements": [
    {
      "name": "puppet",
      "version_requirement": "3.x"
    }
  ],
  "description": "Gradle build tools for Jenkins CEL slaves",
  "dependencies": [
    {"name":"puppetlabs/stdlib", "version_requirement":">= 3.2.0 < 5.0.0" },
    {"name":"bms_repos","version_requirement":">=1.0"},
    {"name":"engci_user","version_requirement":">=1.0"}
  ],
}
