{
  "CHANGELOG.md": "2db18720eb61b6c27c22e62ffe5f8289",
  "CONTRIBUTING.md": "d911815dd7d0d90b90bb35382a6e3298",
  "Gemfile": "aea38fd7cf35c6ab5fc9a1c462f54b8b",
  "LICENSE": "6089b6bd1f0d807edb8bdfd76da0b038",
  "README.md": "85b1dbd7412bbdff3b680d50cd3dfd5a",
  "Rakefile": "de8eeacfe1fbbc6a6f4d89adfc98bcaf",
  "TODO": "88ca4024a37992b46c34cb46e4ac39e6",
  "files/mysqltuner.pl": "fb49479be53e60276c8a7cf501b0b8fe",
  "lib/puppet/parser/functions/mysql_deepmerge.rb": "2b5040ee8cd75a81cf881851e922833a",
  "lib/puppet/parser/functions/mysql_password.rb": "a4c8ec72dede069508dbc266131b06a3",
  "lib/puppet/parser/functions/mysql_strip_hash.rb": "3efe69f1eb189b2913e178b8472aaede",
  "lib/puppet/provider/mysql.rb": "881f4f76b084054f7299fe2de596e4c9",
  "lib/puppet/provider/mysql_database/mysql.rb": "5cf9b8044df4ec72a726b5f781c84f8f",
  "lib/puppet/provider/mysql_grant/mysql.rb": "ab121816dd5a412e832418c8d8cf740c",
  "lib/puppet/provider/mysql_user/mysql.rb": "7eda6cfab27de90e3ee8f6517d2ae3a0",
  "lib/puppet/type/mysql_database.rb": "cf604db80326697fcece33013f116c02",
  "lib/puppet/type/mysql_grant.rb": "a82ecc7e6ddec2d0e5e3dfa8d00d85b6",
  "lib/puppet/type/mysql_user.rb": "86f62718872405b52ff7a117b2ccccb6",
  "manifests/bindings/client_dev.pp": "df4025fb6d62c13a5be7f7c31bcf4985",
  "manifests/bindings/daemon_dev.pp": "202934b2e2748f701fac2a26ad3fc7b8",
  "manifests/bindings/java.pp": "6a581f1da1690d436ae14832af551ca2",
  "manifests/bindings/perl.pp": "e765d0792afacbe72cf3e65804b78fe7",
  "manifests/bindings/php.pp": "09017ca0adefbb8bf894393371cfad94",
  "manifests/bindings/python.pp": "50c22f04074695f17ea383b307d01ea3",
  "manifests/bindings/ruby.pp": "99f7c01e468136c8e699fcbb36d037fa",
  "manifests/bindings.pp": "e845dc82357685cb9f5f316bce7e378e",
  "manifests/client/install.pp": "381f70bfbaac921d631e3b115d8ae264",
  "manifests/client.pp": "ab5a3ece8f5c4cc2174532472bdc5afe",
  "manifests/db.pp": "cf33bd9ca1fde09076a31baccc885d7b",
  "manifests/params.pp": "494a5f61928167fd00b43b6562b8f333",
  "manifests/server/account_security.pp": "c793a434142ddaa6a529ed59739368fb",
  "manifests/server/backup.pp": "4d451038eeeac43106e3528c58993baa",
  "manifests/server/config.pp": "25a6204069f0ab4f6cea3448c514bf64",
  "manifests/server/install.pp": "eb7418f48429b2baee4ac7d2499b5f2c",
  "manifests/server/monitor.pp": "a63731018c171de9e441009d453dcac8",
  "manifests/server/mysqltuner.pp": "4b19b075ecb7a7054cac237e5f50ed16",
  "manifests/server/providers.pp": "87a019dce5bbb6b18c9aa61b5f99134c",
  "manifests/server/root_password.pp": "73738c1b6ee42b896db5356575c95af6",
  "manifests/server/service.pp": "047703810132dd79d117a415b22e76ec",
  "manifests/server.pp": "b975d97f324d7227a07ef79fa3f9ad8a",
  "metadata.json": "f5a2756bcef0ca3a16dbdfca6cff23e5",
  "spec/acceptance/mysql_backup_spec.rb": "b31f2a6b400f3575ea1e89255682abe1",
  "spec/acceptance/mysql_db_spec.rb": "a7d0d87f1d51d9914b00c849fc694083",
  "spec/acceptance/mysql_server_spec.rb": "a09671ae9df1d70ea47762b495150003",
  "spec/acceptance/nodesets/centos-510-x64.yml": "5698f7e61292730c603e03f64fe19359",
  "spec/acceptance/nodesets/centos-59-x64.yml": "57eb3e471b9042a8ea40978c467f8151",
  "spec/acceptance/nodesets/centos-64-x64-pe.yml": "ec075d95760df3d4702abea1ce0a829b",
  "spec/acceptance/nodesets/centos-65-x64.yml": "3e5c36e6aa5a690229e720f4048bb8af",
  "spec/acceptance/nodesets/default.yml": "76d6d770f3daf53ef1b9a17cd0163290",
  "spec/acceptance/nodesets/fedora-18-x64.yml": "80e41b1ee16ea489f53164bfdae58855",
  "spec/acceptance/nodesets/sles-11-x64.yml": "44e4c6c15c018333bfa9840a5e702f66",
  "spec/acceptance/nodesets/ubuntu-server-10044-x64.yml": "75e86400b7889888dc0781c0ae1a1297",
  "spec/acceptance/nodesets/ubuntu-server-12042-x64.yml": "d30d73e34cd50b043c7d14e305955269",
  "spec/acceptance/nodesets/ubuntu-server-1404-x64.yml": "5f0aed10098ac5b78e4217bb27c7aaf0",
  "spec/acceptance/types/mysql_database_spec.rb": "047db055103fa9782bc6714297eb2a09",
  "spec/acceptance/types/mysql_grant_spec.rb": "994b4a66f899067e4828f2602940fa54",
  "spec/acceptance/types/mysql_user_spec.rb": "84a44e18d041995961e567b01a3417dc",
  "spec/classes/graceful_failures_spec.rb": "47acbf0ef4b19ba26055b927b24d8a95",
  "spec/classes/mycnf_template_spec.rb": "ea0fee62bb6f836a95eaa7382c0e6820",
  "spec/classes/mysql_bindings_spec.rb": "fd66517c1c61afdf5a4a13c096fb7288",
  "spec/classes/mysql_client_spec.rb": "4d934a46a53de80b52b91d5a4998ce66",
  "spec/classes/mysql_server_account_security_spec.rb": "f588e33044df2448063c56f50c30a671",
  "spec/classes/mysql_server_backup_spec.rb": "82c7de7ad21e315bb2c551274d234371",
  "spec/classes/mysql_server_monitor_spec.rb": "99e2b530a11e48b31b35f1a50099b8b5",
  "spec/classes/mysql_server_mysqltuner_spec.rb": "25541172425cac6225d2db9f5d28a708",
  "spec/classes/mysql_server_spec.rb": "61b19eac12b9e2241b8575d87636bc64",
  "spec/defines/mysql_db_spec.rb": "cab5ff699e65c2a93eb8fe36488d2046",
  "spec/spec.opts": "a600ded995d948e393fbe2320ba8e51c",
  "spec/spec_helper.rb": "39901d056796699d22dad2d18622ca16",
  "spec/spec_helper_acceptance.rb": "fbffdb3a004bc06d6e192bc2dc384d4a",
  "spec/unit/puppet/functions/mysql_deepmerge_spec.rb": "f6102e1f82fb9f4aa38cbf3955ee5973",
  "spec/unit/puppet/functions/mysql_password_spec.rb": "16e475fabccb228dbd567c18462ae36a",
  "spec/unit/puppet/provider/mysql_database/mysql_spec.rb": "98a799433ac10b237ac3ad27441610d4",
  "spec/unit/puppet/provider/mysql_user/mysql_spec.rb": "0414a611e94fbcc69fc7523cf29b541b",
  "spec/unit/puppet/type/mysql_database_spec.rb": "9fa0d390c2e15c8a52fc2b981e2a63fc",
  "spec/unit/puppet/type/mysql_grant_spec.rb": "1a003358dc88a74ef21fb33fc71debef",
  "spec/unit/puppet/type/mysql_user_spec.rb": "c99427eada46e395d22abd2bece20d79",
  "templates/my.cnf.erb": "701e3cd51d99fbd3ec60a68aaa1c8417",
  "templates/my.cnf.pass.erb": "30b24a3f29fcc644bd3a73929305cda0",
  "templates/mysqlbackup.sh.erb": "fde3c2604729b60a1364ea337bdbc963",
  "tests/backup.pp": "caae4da564c1f663341bbe50915a5f7d",
  "tests/bindings.pp": "dda8795d67098b66aa65e81ccc48ed73",
  "tests/init.pp": "6b34827ac4731829c8a117f0b3fb8167",
  "tests/java.pp": "0ad9de4f9f2c049642bcf08124757085",
  "tests/mysql_database.pp": "6b04ed1a5b2569a2795e0ae719c24231",
  "tests/mysql_db.pp": "e7ad5ffe51a7e6b508f00d6a9f371343",
  "tests/mysql_grant.pp": "cd42336a6c7b2d27f5d5d6d0e310ee1a",
  "tests/mysql_user.pp": "3113f355f834459954f38ca3b941bca7",
  "tests/perl.pp": "6e496f19eaae83c90ce8b93236d44bca",
  "tests/python.pp": "b093828acfed9c14e25ebdd60d90c282",
  "tests/ruby.pp": "6c5071fcaf731995c9b8e31e00eaffa0",
  "tests/server/account_security.pp": "47f79d7ae9eac2bf2134db27abf1db37",
  "tests/server/config.pp": "619b4220138a12c6cb5f10af9867d8a1",
  "tests/server.pp": "72e22552a95b9a5e4a349dbfc13639dc"
}