{
  "name": "oracle",
  "version": "1.0",
  "author": "mtoothak",
  "license" : "",
  "source" : "https://stash-eng.cisco.com/sjc/shared/1/projects/CS/repos/cs-puppet/browse",
  "summary": "Installs full Oracle client, including SQLPlus",
  "operatingsystem_support": [
    {
      "operatingsystem": "RedHat",
      "operatingsystemrelease": [
        "5",
        "6"
      ]
    }
  ],
  "requirements": [
    {
      "name": "pe",
      "version_requirement": "2.x"
    },
    {
      "name": "puppet",
      "version_requirement": "2.x"
    }
  ],
  "description": "Full Oracle client install, including SQLPlus",
  "dependencies": [
    {"name":"puppetlabs/stdlib","version_requirement":">= 3.2.0 < 5.0.0"}
  ]
}