{
  "name": "jenkins_configs",
  "version": "1.0",
  "author": "stowians",
  "license" : "",
  "source" : "https://bitbucket-eng-rtp1.cisco.com/bitbucket/projects/CS/repos/cs-puppet-modules/browse",
  "summary": "Installs the specified jenkins_configs versions.",
  "operatingsystem_support": [
    {
      "operatingsystem": "RedHat",
      "operatingsystemrelease": [
        "5",
        "6"
      ]
    }
  ],
  "requirements": [
    {
      "name": "pe",
      "version_requirement": "2.x"
    },
    {
      "name": "puppet",
      "version_requirement": "2.x"
    }
  ],
  "description": "Installs all of the specified jenkins_configs versions",
  "dependencies": [
    {"name":"puppetlabs/stdlib","version_requirement":">= 3.2.0 < 5.0.0"}
    {"name":"globals","version_requirement":">= 1.0"}
  ]
}