{
  "name": "sonar_runner",
  "version": "0.1.0",
  "author": "realey",
  "summary": "Module to handle sonar_runner (sonar_scanner), build-wrapper",
  "license": "",
  "source": "https://bitbucket-eng-rtp1.cisco.com/bitbucket/projects/CS/repos/cs-puppet-modules/browse/sonar_runner",
  "project_page": "https://bitbucket-eng-rtp1.cisco.com/bitbucket/projects/CS/repos/cs-puppet-modules",
  "issues_url": "tbd",
  "dependencies": [
    {"name":"puppetlabs-stdlib","version_requirement":">= 1.0.0"}
  ],
  "data_provider": null
}
