{
  "name": "orion_scripts",
  "version": "2.0",
  "author": "jugreenb",
  "license" : "Cisco Internal",
  "source" : "https://bitbucket-eng-rtp1.cisco.com/bitbucket/projects/CS/repos/cs-puppet-modules/browse/orion_scripts",
  "summary": "Installs the orion scripts on a JMM host.",
  "operatingsystem_support": [
    {
      "operatingsystem": "RedHat",
      "operatingsystemrelease": [
        "6",
        "7"
      ]
    }
  ],
  "requirements": [
    {
      "name": "pe",
      "version_requirement": "3.x"
    },
    {
      "name": "puppet",
      "version_requirement": "3.x"
    }
  ],
  "description": "Install the Orion scripts on a host so it can be used as to run Jenkins dedicated masters.  Mostly just installs the 'orion' rpm, but also imports needed prerequisites.",
  "dependencies": [
    {"name":"puppetlabs/stdlib","version_requirement":">= 3.2.0 < 5.0.0"},
    {"name":"engci_user","version_requirement":">= 1.0"},
    {"name":"bms_repos","version_requirement":">= 1.0"},
    {"name":"docker_app","version_requirement":">= 1.0"}
  ]
}
