{
  "name": "logd",
  "version": "2.0",
  "author": "lault",
  "license" : "",
  "source" : "https://bitbucket-eng-rtp1.cisco.com/bitbucket/projects/CS/repos/cs-puppet-modules/browse/logd",
  "summary": "Installs and configured logD",
  "operatingsystem_support": [
    {
      "operatingsystem": "RedHat",
      "operatingsystemrelease": [
        "5",
        "6",
        "7"
      ]
    },
    {
      "operatingsystem": "CentOS",
      "operatingsystemrelease": [
        "5",
        "6",
        "7"
      ]
    }
  ],
  "requirements": [
    { "name": "puppet", "version_requirement": "2.x" }
  ],
  "dependencies": [
	{"name": "puppetlabs/stdlib", "version_requirement": ">= 3.2.0 < 5.0.0" },
	{"name": "engci_user", "version_requirement": ">= 1.0" },
	{"name": "bms_repos", "version_requirement": ">= 1.0" },
	{"name": "daemonizer", "version_requirement": ">= 1.0" },
	{"name": "jdk", "version_requirement": ">= 1.0" }
  ]
}
