{
  "name": "ant",
  "version": "1.0",
  "author": "lault",
  "license" : "",
  "source" : "https://bitbucket-eng-rtp1.cisco.com/bitbucket/projects/CS/repos/cs-puppet-modules/ant/browse",
  "summary": "Installs the specified Ant versions from cutom RPMs of pre-built linux binaries.",
  "operatingsystem_support": [
    {
      "operatingsystem": "RedHat",
      "operatingsystemrelease": [
        "5",
        "6",
        "7",
      ]
    }
  ],
  "requirements": [
    {
      "name": "puppet",
      "version_requirement": "2.x"
    }
  ],
  "description": "Ant build tool for Jenkins CEL slaves",
  "dependencies": [
    {"name":"puppetlabs/stdlib","version_requirement":">= 3.2.0 < 5.0.0"}
  ]
}
