{
  "name": "cisco-cel-selenium-grid",
  "version": "1.0",
  "author": "mtoothak",
  "license" : "",
  "source" : "https://stash-eng.cisco.com/sjc/shared/1/projects/CS/repos/cs-puppet/browse",
  "summary": "Installs the Standalone Selenium Server and optionally a Firefox node.",
  "description": "",
  "operatingsystem_support": [
    {
      "operatingsystem": "RedHat",
      "operatingsystemrelease": [
        "6"
      ]
    }
  ],
  "requirements": [
    {
      "name": "pe",
      "version_requirement": "2.x"
    },
    {
      "name": "puppet",
      "version_requirement": "2.x"
    }
  ],
  "dependencies": [
    {"name":"puppetlabs/stdlib","version_requirement":">= 3.2.0 < 5.0.0"}
  ]
}
