{
  "name": "pds_system",
  "version": "1.0",
  "author": "lault",
  "license" : "",
  "source" : "https://bitbucket-eng-rtp1.cisco.com/bitbucket/projects/CS/repos/cs-puppet-modules/browse/pds_system",
  "summary": "Created directories required by BMS software.",
  "operatingsystem_support": [
    {
      "operatingsystem": "RedHat",
      "operatingsystemrelease": [
        "5",
        "6",
        "7"
      ]
    }
  ],
  "requirements": [
    {
      "name": "pe",
      "version_requirement": "2.x"
    },
    {
      "name": "puppet",
      "version_requirement": "2.x"
    }
  ],
  "description": "Installs global resources",
  "dependencies": [
    {"name":"puppetlabs/stdlib","version_requirement":">= 3.2.0 < 5.0.0"}
  ]
}
