{
  "name": "puppet-lint",
  "version": "2.0",
  "author": "aultl",
  "license" : "",
  "source" : "https://stash-eng.cisco.com/sjc/shared/1/projects/CS/repos/cs-puppet-modules/puppet_lint",
  "summary": "Installs rubygem-puppet-lint from EPEL",
  "operatingsystem_support": [
    {
      "operatingsystem": "RedHat",
      "operatingsystemrelease": [
        "5",
        "6",
        "7"
      ]
    }
  ],
  "requirements": [
    {
      "name": "puppet",
      "version_requirement": "2.x"
    }
  ],
  "description": "puppet_lint build tool for ruby for Jenkins CEL build slaves",
  "dependencies": [ ]
}
