{
  "name": "rancher",
  "version": "1.0.0",
  "author": "chjagann",
  "license" : "Rancher",
  "source" : "https://bitbucket-eng-rtp1.cisco.com/bitbucket/projects/CS/repos/cs-puppet-modules/browse",
  "summary": "Installs the rancher cli",
  "description": "Installs the Rancher CLI",
  "dependencies": [
    {"name": "puppetlabs/stdlib", "version_requirement": ">= 3.2.0 < 5.0.0" },
    {"name": "bms_repos", "version_requirement": ">= 1.0.0" },
    {"name": "engci_user::bmsuser", "version_requirement": ">= 1.0.0" }
  ]
}
