{
  "name": "seleniumbox",
  "version": "1.0",
  "author": "lault",
  "license" : "",
  "source" : "https://bitbucket-eng-rtp1.cisco.com/bitbucket/projects/CS/repos/cs-puppet-modules/browse/seleniumbox",
  "summary": "Starts a docker based Selenium Box node or hub",
  "operatingsystem_support": [
    {
      "operatingsystem": "RedHat",
      "operatingsystemrelease": [
        "7"
      ]
    },
    {
      "operatingsystem": "CentOS",
      "operatingsystemrelease": [
        "7"
      ]
    }
  ],
  "requirements": [
    {
      "name": "puppet",
      "version_requirement": "2.x"
    }
  ],
  "dependencies": [
    {"name":"puppetlabs/stdlib","version_requirement":">= 3.2.0 < 5.0.0"},
    {"name":"pds_system","version_requirement":">= 1.0"},
	  {"name":"engci_users::pdsint","version_requirement":">= 1.0"},
    {"name":"docker","version_requirement":">= 1.0"}
  ]
}
