{
  "name": "jfrog_mc",
  "version": "1.0",
  "author": "Judah Greenblatt <jugreenb@cisco.com>",
  "license" : "",
  "source" : "https://bitbucket-eng-rtp1.cisco.com/bitbucket/projects/CS/repos/cs-puppet-modules/browse",
  "summary": "Installs and runs Artifactory Mission Control",
  "operatingsystem_support": [
    {
      "operatingsystem": "RedHat",
      "operatingsystemrelease": [
        "7"
      ]
    },
    {
      "operatingsystem": "CentOS",
      "operatingsystemrelease": [
        "7"
      ]
    },
    {
      "operatingsystem": "OracleLinux",
      "operatingsystemrelease": [
        "7"
      ]
    },
    {
      "operatingsystem": "Scientific",
      "operatingsystemrelease": [
        "7"
      ]
    }
  ],
  "requirements": [
    {
      "name": "pe",
      "version_requirement": ">= 3.0.0 < 2015.4.0"
    },
    {
      "name": "puppet",
      "version_requirement": ">=2.7.20 <5.0.0"
    },
    {
      "name": "puppetlabs-stdlib",
      "version_requirement": ">=2.7.20 <5.0.0"
    }
  ],
  "description": "module to manage mission control from JFrog",
  "dependencies": [
    {"name": "puppetlabs/stdlib", "version_requirement": ">= 3.2.0 < 5.0.0" },
    {"name": "pds_system", "version_requirement": ">= 1.0" },
    {"name": "bms_repos::bms_yum", "version_requirement": ">= 1.0" },
    {"name": "engci_user::pdsint", "version_requirement": ">= 1.0" },
  ]
}
