{
  "name": "jenkins",
  "version": "1.0",
  "author": "lault",
  "license" : "",
  "source" : "https://bitbucket-eng-rtp1.cisco.com/bitbucket/projects/CS/repos/cs-puppet-modules/browse/jenkins",
  "summary": "installs and registers a jenkins Slave",
  "operatingsystem_support": [
    {
      "operatingsystem": "RedHat",
      "operatingsystemrelease": [
        "5",
        "6",
        "7"
      ]
    },
    {
      "operatingsystem": "CentOS",
      "operatingsystemrelease": [
        "5",
        "6",
        "7"
      ]
    }
  ],
  "requirements": [
    { "name": "puppet", "version_requirement": "2.x" },
    { "name": "puppetlabs/stdlib", "version_requirement":">= 3.2.0 < 5.0.0" }
  ],
  "dependencies": [
    {"name":"pds_system","version_requirement":">= 1.0"},
    {"name":"jdk","version_requirement":">= 1.0"}
  ]
}
