{
  "name": "sonarqube",
  "version": "1.0",
  "author": "Reginald Ealey <realey@cisco.com>",
  "summary": "Installs sonarqube",
  "operatingsystem_support": [
    {
      "operatingsystem": "RedHat",
      "operatingsystemrelease": [
        "6",
        "7"
      ]
    },
    {
      "operatingsystem": "CentOS",
      "operatingsystemrelease": [
        "6",
        "7"
      ]
    }
  ],
  "license": "",
  "source": "https://bitbucket-eng-rtp1.cisco.com/bitbucket/projects/CS/repos/cs-puppet-modules/sonarqube/browse",
  "description": "sonarqube module",
  "tags": [
    "sonarqube",
    "sonar_runner"
  ],
  "project_page": null,
  "issues_url": null,
  "dependencies": [
    {"name":"puppetlabs-stdlib","version_requirement":">= 4.0.0"},
    {"name": "pds_system", "version_requirement": ">= 1.0" },
    {"name": "bms_repos", "version_requirement": ">= 1.0" },
    {"name": "jdk", "version_requirement": ">= 1.0" },
  ]
}
