{
  "name": "puppet",
  "version": "2.0",
  "author": "lault",
  "license" : "",
  "source" : "https://bitbucket-eng-rtp1.cisco.com/bitbucket/projects/CS/repos/cs-puppet-modules/browse/puppet",
  "summary": "manages the puppet.conf file",
  "operatingsystem_support": [
    {
      "operatingsystem": "RedHat",
      "operatingsystemrelease": [
        "5",
        "6",
        "7"
      ]
    },
    {
      "operatingsystem": "CentOS",
      "operatingsystemrelease": [
        "5",
        "6",
        "7"
      ]
    }
  ],
  "requirements": [
    { "name": "puppet", "version_requirement": "2.x" },
    { "name": "puppetlabs/stdlib", "version_requirement":">= 3.2.0 < 5.0.0" },
    { "name": "bms_repos", "version_requirement": ">=1.0" }
  ],
  "dependencies": [
    {"name":"puppetlabs/stdlib","version_requirement":">= 3.2.0 < 5.0.0"}
  ]
}
