{
  "name": "cachet",
  "version": "1.0.0",
  "author": "Shoban Cheekuru <scheekur@cisco.com>",
  "summary": "Cachet EngIT service status page",
  "license": "Apache License, Version 2.0",
  "source": "https://bitbucket-eng-rtp1.cisco.com/bitbucket/projects/CS/repos/cs-puppet-modules/cachet/browse",
  "description": "Installs and manages the docker-shim service",
  "operatingsystem_support": [
    {
      "operatingsystem": "RedHat",
      "operatingsystemrelease": [
        "6",
        "7"
      ]
    },
    {
      "operatingsystem": "CentOS",
      "operatingsystemrelease": [
        "6",
        "7"
      ]
    },
    {
      "operatingsystem": "Scientific Linux",
      "operatingsystemrelease": [
        "6",
        "7"
      ]
    }
  ],
  "dependencies": [
    {
      "name": "puppetlabs/stdlib",
      "version_requirement": ">= 4.0.0"
    }
  ]
}
