{
  "name": "pyats",
  "version": "1.0",
  "author": "scheekur",
  "license" : "",
  "source" : "https://stash-eng.cisco.com/sjc/shared/1/projects/CS/repos/cs-puppet/browse",
  "summary": "Compiles and installs the specified Python version from source",
  "operatingsystem_support": [
    {
      "operatingsystem": "RedHat",
      "operatingsystemrelease": [
        "5",
        "6"
      ]
    }
  ],
  "requirements": [
    {
      "name": "pe",
      "version_requirement": "2.x"
    },
    {
      "name": "puppet",
      "version_requirement": "2.x"
    }
  ],
  "description": "pyats cisco build toll for python for Jenkins CEL build slaves",
  "dependencies": [
    {"name":"puppetlabs/stdlib","version_requirement":">= 3.2.0 < 5.0.0"}
  ]
}