{
  "name": "limits",
  "version": "1.0",
  "author": "lault",
  "license" : "",
  "source" : "https://bitbucket-eng-rtp1.cisco.com/bitbucket/projects/CS/repos/cs-puppet-modules/browse/limits",
  "summary": "manages the /etc/security/limits.d directory and contents",
  "operatingsystem_support": [
    {
      "operatingsystem": "RedHat",
      "operatingsystemrelease": [
        "6",
        "7"
      ]
    },
    {
      "operatingsystem": "CentOS",
      "operatingsystemrelease": [
        "6",
        "7"
      ]
    }
  ],
  "requirements": [
    { "name": "puppet", "version_requirement": "2.x" }
  ],
  "dependencies": [
    {"name":"puppetlabs/stdlib","version_requirement":">= 3.2.0 < 5.0.0"}
  ]
}
