{
  "name": "appdynamics",
  "version": "1.0",
  "author": "bigunn",
  "license" : "",
  "source" : "https://bitbucket-eng-rtp1.cisco.com/bitbucket/projects/CS/repos/cs-puppet-modules/browse/appdynamics",
  "summary": "Installs and configures Appdynamics.",
  "operatingsystem_support": [
    {
      "operatingsystem": "RedHat",
      "operatingsystemrelease": [ "5", "6", "7" ]
    }
  ],
  "dependencies": [
    {"name": "puppetlabs/stdlib", "version_requirement": ">= 3.2.0 < 5.0.0"},
    {"name": "bms_repos", "version_requirement": ">= 1.0 < 5.0.0"},
    {"name": "daemonizer", "version_requirement": ">= 1.0 < 5.0.0"},
    {"name": "jdk", "version_requirement": ">= 1.0 < 5.0.0"}
  ]
}
