{
  "name": "httpd",
  "version": "1.0",
  "author": "lault",
  "license" : "",
  "source" : "https://stash-eng.cisco.com/sjc/shared/1/projects/CS/repos/cs-puppet/browse/httpd",
  "summary": "manages apache httpd and vhosts on el7",
  "operatingsystem_support": [
    {
      "operatingsystem": "RedHat",
      "operatingsystemrelease": [
        "7"
      ]
    },
    {
      "operatingsystem": "CentOS",
      "operatingsystemrelease": [
        "7"
      ]
    },
    {
      "operatingsystem": "OracleLinux",
      "operatingsystemrelease": [
        "7"
      ]
    },
    {
      "operatingsystem": "Scientific",
      "operatingsystemrelease": [
        "7"
      ]
    }
  ],
  "requirements": [
    {
      "name": "pe",
      "version_requirement": ">= 3.0.0 < 2015.4.0"
    },
    {
      "name": "puppet",
      "version_requirement": ">=2.7.20 <5.0.0"
    }
  ],
  "description": "module to manage httpd from Apache",
  "dependencies": [

  ]
}
