{
  "name": "docker",
  "version": "0.1.0",
  "author": "Reginald Ealey",
  "summary": "docker install",
  "license": "Apache 2.0",
  "source": "",
  "project_page": "https://bitbucket-eng-rtp1.cisco.com/bitbucket/projects/CS/repos/cs-puppet-modules/browse/docker_app",
  "issues_url": null,
  "dependencies": [
    {"name":"puppetlabs-stdlib","version_requirement":">= 1.0.0"},
    {"name":"bms_repos","version_requirement":">= 1.0.0"}
    {"name":"engci_user","version_requirement":">= 1.0.0"}
    {"name":"pdsint","version_requirement":">= 1.0.0"}
  ]
}
