{
  "name": "grails",
  "version": "1.0",
  "author": "lault",
  "license" : "",
  "source" : "https://bitbucket-eng-rtp1.cisco.com/sjc/shared/1/projects/CS/repos/cs-puppet/grails/browse",
  "summary": "Installs Grails framework to /bms/tools/grails",
  "operatingsystem_support": [
    {
      "operatingsystem": "RedHat",
      "operatingsystemrelease": [
        "5",
        "6",
        "7"
      ]
    },
    {
      "operatingsystem": "CentOS",
      "operatingsystemrelease": [
        "5",
        "6",
        "7"
      ]
    },
    {
      "operatingsystem": "Scientific Linux",
      "operatingsystemrelease": [
        "5",
        "6",
        "7"
      ]
    }
  ],
  "requirements": [
    {
      "name": "puppet",
      "version_requirement": "2.x"
    }
  ],
  "description": "Grails framework",
  "dependencies": [
    {"name":"puppetlabs/stdlib","version_requirement":">= 3.2.0 < 5.0.0"}
  ]
}
